"Economy","Disaggregation","2018","2019","2020","2021","2022","2023","2024","2025"
"Afghanistan","Overview","16.8%","17.6%","17.0485%","16.5143%","17.1917%","17.7089%","-","-"
"Afghanistan","14 years and younger","-","-","-","-","-","-","-","-"
"Afghanistan","15 to 24 years","-","-","-","-","-","-","-","-"
"Afghanistan","25 to 74 years","-","-","-","-","-","-","-","-"
"Afghanistan","75 years and older","-","-","-","-","-","-","-","-"
"Angola","Overview","29%","32.1294%","36.6347%","39.3876%","42.0719%","44.7581%","-","-"
"Angola","14 years and younger","-","-","-","-","-","-","-","-"
"Angola","15 to 24 years","-","-","-","-","-","-","-","-"
"Angola","25 to 74 years","-","-","-","-","-","-","-","-"
"Angola","75 years and older","-","-","-","-","-","-","-","-"
"Australia","Overview","90%","93.6099%","94.6935%","96.9722%","97.0424%","97.0631%","-","-"
"Australia","14 years and younger","-","-","-","-","-","-","-","-"
"Australia","15 to 24 years","-","-","-","-","-","-","-","-"
"Australia","25 to 74 years","-","-","-","-","-","-","-","-"
"Australia","75 years and older","-","-","-","-","-","-","-","-"
"Bangladesh","Overview","25.6%","30.4%","36.1091%","38.9174%","41.6165%","44.5027%","-","-"
"Bangladesh","14 years and younger","-","-","-","19.0548%","-","16.2369%","-","-"
"Bangladesh","15 to 24 years","-","-","-","64.1766%","-","71.513%","-","-"
"Bangladesh","25 to 74 years","-","-","-","37.9919%","-","45.484%","-","-"
"Bangladesh","75 years and older","-","-","-","5.92442%","-","3.69288%","-","-"
"Benin","Overview","19%","20.5%","22.1206%","28.2047%","30.0134%","32.2083%","-","-"
"Benin","14 years and younger","-","-","-","-","-","-","-","-"
"Benin","15 to 24 years","-","-","-","-","-","-","-","-"
"Benin","25 to 74 years","-","-","-","-","-","-","-","-"
"Benin","75 years and older","-","-","-","-","-","-","-","-"
"Bhutan","Overview","63.5%","74.1794%","76.8508%","85.6369%","86.2903%","88.426%","-","-"
"Bhutan","14 years and younger","-","-","-","-","-","-","-","-"
"Bhutan","15 to 24 years","-","-","-","-","-","-","-","-"
"Bhutan","25 to 74 years","-","-","-","-","-","-","-","-"
"Bhutan","75 years and older","-","-","-","-","-","-","-","-"
"Botswana","Overview","54.2022%","61.3865%","69.523%","78.738%","80.3696%","81.36%","-","-"
"Botswana","14 years and younger","-","-","-","-","-","-","-","-"
"Botswana","15 to 24 years","-","-","-","-","-","-","-","-"
"Botswana","25 to 74 years","-","-","-","-","-","-","-","-"
"Botswana","75 years and older","-","-","-","-","-","-","-","-"
"Brunei Darussalam","Overview","95%","95%","96.3055%","97.6288%","98.9704%","99.0336%","-","-"
"Brunei Darussalam","14 years and younger","-","-","-","-","-","-","-","-"
"Brunei Darussalam","15 to 24 years","-","-","-","-","-","-","-","-"
"Brunei Darussalam","25 to 74 years","-","-","-","-","-","-","-","-"
"Brunei Darussalam","75 years and older","-","-","-","-","-","-","-","-"
"Burkina Faso","Overview","8.5%","9.27181%","10.7927%","12.5631%","14.6238%","17.0226%","-","-"
"Burkina Faso","14 years and younger","-","-","-","-","-","-","-","-"
"Burkina Faso","15 to 24 years","-","-","-","-","-","-","-","-"
"Burkina Faso","25 to 74 years","-","-","-","-","-","-","-","-"
"Burkina Faso","75 years and older","-","-","-","-","-","-","-","-"
"Burundi","Overview","4%","6.1%","9.17302%","10.9847%","11.0009%","11.0784%","-","-"
"Burundi","14 years and younger","-","-","-","-","-","-","-","-"
"Burundi","15 to 24 years","-","-","-","-","-","-","-","-"
"Burundi","25 to 74 years","-","-","-","-","-","-","-","-"
"Burundi","75 years and older","-","-","-","-","-","-","-","-"
"Cabo Verde","Overview","59.5%","61.9434%","69.3734%","70.2825%","72.7601%","73.539%","-","-"
"Cabo Verde","14 years and younger","-","31.4777%","-","-","-","-","-","-"
"Cabo Verde","15 to 24 years","-","79.8564%","-","-","-","-","-","-"
"Cabo Verde","25 to 74 years","-","65.0337%","-","-","-","-","-","-"
"Cabo Verde","75 years and older","-","7.87777%","-","-","-","-","-","-"
"Cambodia","Overview","-","52.3059%","53.6508%","57.9592%","59.6606%","60.7171%","-","-"
"Cambodia","14 years and younger","-","-","-","-","-","-","-","-"
"Cambodia","15 to 24 years","-","-","-","-","-","-","-","-"
"Cambodia","25 to 74 years","-","-","-","-","-","-","-","-"
"Cambodia","75 years and older","-","-","-","-","-","-","-","-"
"Cameroon","Overview","29.7%","36.5392%","41.2264%","42.0405%","41.775%","41.9088%","-","-"
"Cameroon","14 years and younger","-","-","-","-","-","-","-","-"
"Cameroon","15 to 24 years","-","-","-","-","-","-","-","-"
"Cameroon","25 to 74 years","-","-","-","-","-","-","-","-"
"Cameroon","75 years and older","-","-","-","-","-","-","-","-"
"Central African Rep.","Overview","5.1%","7.50916%","-","-","-","-","-","-"
"Central African Rep.","14 years and younger","-","-","-","-","-","-","-","-"
"Central African Rep.","15 to 24 years","-","-","-","-","-","-","-","-"
"Central African Rep.","25 to 74 years","-","-","-","-","-","-","-","-"
"Central African Rep.","75 years and older","-","-","-","-","-","-","-","-"
"Chad","Overview","7%","7.6%","8.34311%","13.1283%","12.4865%","13.1832%","-","-"
"Chad","14 years and younger","-","-","-","-","-","-","-","-"
"Chad","15 to 24 years","-","-","-","-","-","-","-","-"
"Chad","25 to 74 years","-","-","-","-","-","-","-","-"
"Chad","75 years and older","-","-","-","-","-","-","-","-"
"China","Overview","59.2%","64.0809%","70.0528%","73.0532%","75.6113%","90.6%","92%","-"
"China","14 years and younger","-","-","-","-","-","-","-","-"
"China","15 to 24 years","-","-","-","-","-","-","-","-"
"China","25 to 74 years","-","-","-","-","-","-","-","-"
"China","75 years and older","-","-","-","-","-","-","-","-"
"Congo (Rep. of the)","Overview","-","-","24.8206%","33.3461%","37.4939%","38.3791%","-","-"
"Congo (Rep. of the)","14 years and younger","-","-","-","-","-","-","-","-"
"Congo (Rep. of the)","15 to 24 years","-","-","-","-","-","-","-","-"
"Congo (Rep. of the)","25 to 74 years","-","-","-","-","-","-","-","-"
"Congo (Rep. of the)","75 years and older","-","-","-","-","-","-","-","-"
"Côte d'Ivoire","Overview","37.5465%","36.289%","36.0166%","35.9507%","38.4133%","40.6528%","-","-"
"Côte d'Ivoire","14 years and younger","-","25.0278%","-","-","5.49406%","3.97062%","-","-"
"Côte d'Ivoire","15 to 24 years","-","48.3694%","-","-","53.2253%","53.0974%","-","-"
"Côte d'Ivoire","25 to 74 years","-","38.1783%","-","-","52.2114%","53.1122%","-","-"
"Côte d'Ivoire","75 years and older","-","22.4791%","-","-","9.69825%","12.5133%","-","-"
"Dem. Rep. of the Congo","Overview","11.7%","16.4812%","21.6422%","28.4193%","29.4996%","30.548%","-","-"
"Dem. Rep. of the Congo","14 years and younger","-","-","-","-","-","-","-","-"
"Dem. Rep. of the Congo","15 to 24 years","-","-","-","-","-","-","-","-"
"Dem. Rep. of the Congo","25 to 74 years","-","-","-","-","-","-","-","-"
"Dem. Rep. of the Congo","75 years and older","-","-","-","-","-","-","-","-"
"Equatorial Guinea","Overview","-","49.1337%","55.0013%","58.7173%","59.3433%","60.3661%","-","-"
"Equatorial Guinea","14 years and younger","-","-","-","-","-","-","-","-"
"Equatorial Guinea","15 to 24 years","-","-","-","-","-","-","-","-"
"Equatorial Guinea","25 to 74 years","-","-","-","-","-","-","-","-"
"Equatorial Guinea","75 years and older","-","-","-","-","-","-","-","-"
"Eritrea","Overview","5.3%","11.2%","14.3494%","18.3844%","18.7092%","20.0104%","-","-"
"Eritrea","14 years and younger","-","-","-","-","-","-","-","-"
"Eritrea","15 to 24 years","-","-","-","-","-","-","-","-"
"Eritrea","25 to 74 years","-","-","-","-","-","-","-","-"
"Eritrea","75 years and older","-","-","-","-","-","-","-","-"
"Eswatini","Overview","39.4%","43.9%","49.013%","53.9953%","57.465%","57.62%","-","-"
"Eswatini","14 years and younger","-","-","-","-","-","-","-","-"
"Eswatini","15 to 24 years","-","-","-","-","-","-","-","-"
"Eswatini","25 to 74 years","-","-","-","-","-","-","-","-"
"Eswatini","75 years and older","-","-","-","-","-","-","-","-"
"Ethiopia","Overview","15.9%","16%","16.0696%","16.6981%","-","-","-","-"
"Ethiopia","14 years and younger","-","-","-","-","-","-","-","-"
"Ethiopia","15 to 24 years","-","-","-","-","-","-","-","-"
"Ethiopia","25 to 74 years","-","-","-","-","-","-","-","-"
"Ethiopia","75 years and older","-","-","-","-","-","-","-","-"
"Fiji","Overview","58.2364%","63.2179%","68.6256%","74.4958%","78.2433%","79.3485%","-","-"
"Fiji","14 years and younger","-","-","-","-","-","-","-","-"
"Fiji","15 to 24 years","-","-","-","-","-","-","-","-"
"Fiji","25 to 74 years","-","-","-","-","-","-","-","-"
"Fiji","75 years and older","-","-","-","-","-","-","-","-"
"Gabon","Overview","55.4202%","59.5176%","63.9179%","68.6436%","70.7069%","71.9256%","-","-"
"Gabon","14 years and younger","-","-","-","-","-","-","-","-"
"Gabon","15 to 24 years","-","-","-","-","-","-","-","-"
"Gabon","25 to 74 years","-","-","-","-","-","-","-","-"
"Gabon","75 years and older","-","-","-","-","-","-","-","-"
"Gambia","Overview","28.3%","31.1183%","34.2172%","37.6247%","44.0389%","45.9137%","-","-"
"Gambia","14 years and younger","-","-","-","-","-","-","-","-"
"Gambia","15 to 24 years","-","-","-","-","-","-","-","-"
"Gambia","25 to 74 years","-","-","-","-","-","-","-","-"
"Gambia","75 years and older","-","-","-","-","-","-","-","-"
"Ghana","Overview","43%","22.0732%","62.5176%","68.6%","69.3607%","69.9445%","-","-"
"Ghana","14 years and younger","-","-","-","-","-","-","-","-"
"Ghana","15 to 24 years","-","-","-","-","-","-","-","-"
"Ghana","25 to 74 years","-","-","-","-","-","-","-","-"
"Ghana","75 years and older","-","-","-","-","-","-","-","-"
"Guinea","Overview","21.83%","22.6255%","23.4499%","24.3044%","24.6954%","26.5014%","-","-"
"Guinea","14 years and younger","-","-","-","-","-","-","-","-"
"Guinea","15 to 24 years","-","-","-","-","-","-","-","-"
"Guinea","25 to 74 years","-","-","-","-","-","-","-","-"
"Guinea","75 years and older","-","-","-","-","-","-","-","-"
"Guinea-Bissau","Overview","15.7%","17.9215%","20.4573%","23.3519%","27.5672%","32.4661%","-","-"
"Guinea-Bissau","14 years and younger","-","-","-","-","-","-","-","-"
"Guinea-Bissau","15 to 24 years","-","-","-","-","-","-","-","-"
"Guinea-Bissau","25 to 74 years","-","-","-","-","-","-","-","-"
"Guinea-Bissau","75 years and older","-","-","-","-","-","-","-","-"
"Hong Kong, China","Overview","90.5074%","91.7434%","92.4131%","93.0872%","95.6136%","95.9778%","-","-"
"Hong Kong, China","14 years and younger","100%","100%","100%","99.9032%","100%","100%","-","-"
"Hong Kong, China","15 to 24 years","99.9288%","99.9112%","99.9219%","99.816%","99.9648%","99.9137%","-","-"
"Hong Kong, China","25 to 74 years","94.9808%","95.8324%","96.5254%","97.0795%","98.6333%","98.752%","-","-"
"Hong Kong, China","75 years and older","29.3843%","37.3809%","39.8754%","45.273%","62.4603%","66.456%","-","-"
"India","Overview","20.0813%","29.5235%","43.4054%","-","55.9%","-","-","70%"
"India","14 years and younger","-","-","-","-","-","-","-","-"
"India","15 to 24 years","-","-","-","-","-","-","-","-"
"India","25 to 74 years","-","-","-","-","-","-","-","-"
"India","75 years and older","-","-","-","-","-","-","-","-"
"Indonesia","Overview","39.9046%","47.6906%","53.7265%","62.1045%","66.4846%","69.2084%","72.7808%","-"
"Indonesia","14 years and younger","22.4181%","31.2345%","39.3467%","62.011%","62.1103%","63.8064%","67.4944%","-"
"Indonesia","15 to 24 years","77.0505%","83.5795%","87.1662%","91.8293%","93.2085%","94.3128%","95.5091%","-"
"Indonesia","25 to 74 years","35.7376%","43.879%","50.2166%","55.7611%","62.031%","66.0584%","70.3846%","-"
"Indonesia","75 years and older","1.59805%","1.80757%","3.51452%","4.8846%","8.02833%","9.6061%","12.3237%","-"
"Iran (Islamic Republic of)","Overview","70.2006%","72.4509%","75.5699%","78.5957%","79.061%","79.6309%","-","-"
"Iran (Islamic Republic of)","14 years and younger","-","-","-","94.3919%","-","-","-","-"
"Iran (Islamic Republic of)","15 to 24 years","-","-","-","95.3806%","-","-","-","-"
"Iran (Islamic Republic of)","25 to 74 years","-","-","-","74.192%","-","-","-","-"
"Iran (Islamic Republic of)","75 years and older","-","-","-","7.7823%","-","-","-","-"
"Japan","Overview","88.7464%","92.7304%","90.2195%","82.9141%","84.9234%","86.9815%","-","-"
"Japan","14 years and younger","74.0438%","89.745%","91.8539%","93.8944%","92.8961%","-","-","-"
"Japan","15 to 24 years","98.8537%","99.1869%","98.5791%","98.8884%","98.4788%","-","-","-"
"Japan","25 to 74 years","95.2689%","96.5233%","95.5109%","90.3728%","91.8964%","-","-","-"
"Japan","75 years and older","57.2101%","73.4034%","62.0797%","40.9399%","46.2602%","-","-","-"
"Kenya","Overview","19.5%","22.6688%","-","-","-","-","34.9762%","-"
"Kenya","14 years and younger","-","2.56138%","-","-","-","-","9.43804%","-"
"Kenya","15 to 24 years","-","32.2741%","-","-","-","-","46.6107%","-"
"Kenya","25 to 74 years","-","34.2591%","-","-","-","-","47.6538%","-"
"Kenya","75 years and older","-","4.18671%","-","-","-","-","6.92749%","-"
"Kiribati","Overview","32.9864%","39.5737%","-","-","-","88%","-","-"
"Kiribati","14 years and younger","-","-","-","-","-","-","-","-"
"Kiribati","15 to 24 years","-","-","-","-","-","-","-","-"
"Kiribati","25 to 74 years","-","-","-","-","-","-","-","-"
"Kiribati","75 years and older","-","-","-","-","-","-","-","-"
"Korea (Rep. of)","Overview","96.0229%","96.1576%","96.5051%","97.5713%","97.1686%","97.416%","97.8956%","-"
"Korea (Rep. of)","14 years and younger","-","-","-","-","-","-","-","-"
"Korea (Rep. of)","15 to 24 years","99.9029%","99.9582%","99.9427%","99.9112%","99.8334%","99.9275%","99.8005%","-"
"Korea (Rep. of)","25 to 74 years","95.4548%","95.5794%","96.0392%","97.2553%","96.833%","97.1022%","97.6597%","-"
"Korea (Rep. of)","75 years and older","-","-","-","-","-","-","-","-"
"Lao P.D.R.","Overview","36.3%","47.0323%","54%","62%","62.7001%","63.6255%","-","-"
"Lao P.D.R.","14 years and younger","-","-","-","-","-","-","-","-"
"Lao P.D.R.","15 to 24 years","-","-","-","-","-","-","-","-"
"Lao P.D.R.","25 to 74 years","-","-","-","-","-","-","-","-"
"Lao P.D.R.","75 years and older","-","-","-","-","-","-","-","-"
"Lesotho","Overview","40.8%","42.3017%","43.6575%","45.0567%","46.5007%","47.991%","-","-"
"Lesotho","14 years and younger","-","-","-","-","-","-","-","-"
"Lesotho","15 to 24 years","-","-","-","-","-","-","-","-"
"Lesotho","25 to 74 years","-","-","-","-","-","-","-","-"
"Lesotho","75 years and older","-","-","-","-","-","-","-","-"
"Liberia","Overview","17.2777%","18.3141%","19.4126%","20.5771%","21.8966%","23.4979%","-","-"
"Liberia","14 years and younger","-","-","-","-","-","-","-","-"
"Liberia","15 to 24 years","-","-","-","-","-","-","-","-"
"Liberia","25 to 74 years","-","-","-","-","-","-","-","-"
"Liberia","75 years and older","-","-","-","-","-","-","-","-"
"Macao, China","Overview","83.7941%","86.4679%","87.4623%","88.4681%","87.9696%","89.1806%","-","-"
"Macao, China","14 years and younger","69.0616%","-","-","68.3024%","-","-","-","-"
"Macao, China","15 to 24 years","98.1073%","-","-","99.4565%","-","-","-","-"
"Macao, China","25 to 74 years","90.6601%","-","-","93.2095%","-","-","-","-"
"Macao, China","75 years and older","43.6261%","-","-","41.2371%","-","-","-","-"
"Madagascar","Overview","7.7478%","9.37944%","11.3547%","13.7459%","18.5532%","20.3671%","-","-"
"Madagascar","14 years and younger","-","-","-","-","-","-","-","-"
"Madagascar","15 to 24 years","-","-","-","-","-","-","-","-"
"Madagascar","25 to 74 years","-","-","-","-","-","-","-","-"
"Madagascar","75 years and older","-","-","-","-","-","-","-","-"
"Malawi","Overview","8.79829%","11.0586%","13.8995%","17.4703%","17.0457%","17.9881%","-","-"
"Malawi","14 years and younger","-","-","-","-","-","-","-","-"
"Malawi","15 to 24 years","-","-","-","-","-","4.46396%","-","-"
"Malawi","25 to 74 years","-","-","-","-","-","24.5229%","-","-"
"Malawi","75 years and older","-","-","-","-","-","14.7255%","-","-"
"Malaysia","Overview","81.201%","84.1871%","89.555%","96.7514%","97.3986%","97.6927%","98.0206%","-"
"Malaysia","14 years and younger","-","-","-","-","-","-","-","-"
"Malaysia","15 to 24 years","-","-","-","99.5077%","99.3591%","99.334%","98.7831%","-"
"Malaysia","25 to 74 years","-","-","-","97.3023%","97.9909%","98.283%","98.4453%","-"
"Malaysia","75 years and older","-","-","-","65.1903%","59.0309%","59.654%","76.1562%","-"
"Maldives","Overview","70.9%","77.4697%","79.0978%","81.9576%","83.9119%","84.6851%","-","-"
"Maldives","14 years and younger","-","-","-","-","99.0203%","-","-","-"
"Maldives","15 to 24 years","-","-","-","-","84.5518%","-","-","-"
"Maldives","25 to 74 years","-","-","-","-","78.9976%","-","-","-"
"Maldives","75 years and older","-","-","-","-","89.2537%","-","-","-"
"Mali","Overview","21.4%","24.9603%","29.113%","33.9565%","34.3797%","35.0921%","-","-"
"Mali","14 years and younger","-","-","-","-","-","-","-","-"
"Mali","15 to 24 years","-","-","-","-","-","-","-","-"
"Mali","25 to 74 years","-","-","-","-","-","-","-","-"
"Mali","75 years and older","-","-","-","-","-","-","-","-"
"Marshall Islands","Overview","43.8825%","49.7575%","56.4191%","63.9726%","64.8023%","65.7177%","-","-"
"Marshall Islands","14 years and younger","-","-","-","-","-","-","-","-"
"Marshall Islands","15 to 24 years","-","-","-","-","-","-","-","-"
"Marshall Islands","25 to 74 years","-","-","-","-","-","-","-","-"
"Marshall Islands","75 years and older","-","-","-","-","-","-","-","-"
"Mauritius","Overview","58.5962%","61.73%","67.7329%","71.6%","75.5%","79.5%","-","-"
"Mauritius","14 years and younger","61.9974%","-","68.9833%","-","-","-","-","-"
"Mauritius","15 to 24 years","88.6085%","-","89.682%","-","-","-","-","-"
"Mauritius","25 to 74 years","53.5807%","-","61.6468%","-","-","-","-","-"
"Mauritius","75 years and older","6.34379%","-","8.54432%","-","-","-","-","-"
"Micronesia","Overview","36.6%","38%","39.3833%","-","-","-","-","-"
"Micronesia","14 years and younger","-","-","-","-","-","-","-","-"
"Micronesia","15 to 24 years","-","-","-","-","-","-","-","-"
"Micronesia","25 to 74 years","-","-","-","-","-","-","-","-"
"Micronesia","75 years and older","-","-","-","-","-","-","-","-"
"Mongolia","Overview","47.13%","51.08%","62.5%","81.6068%","82.1725%","83.0162%","-","-"
"Mongolia","14 years and younger","-","-","-","-","-","-","-","-"
"Mongolia","15 to 24 years","-","-","-","-","-","-","-","-"
"Mongolia","25 to 74 years","-","-","-","-","-","-","-","-"
"Mongolia","75 years and older","-","-","-","-","-","-","-","-"
"Mozambique","Overview","10.9%","12.4793%","14.2874%","16.3576%","18.7913%","19.8434%","-","-"
"Mozambique","14 years and younger","-","-","-","-","-","-","-","-"
"Mozambique","15 to 24 years","-","-","-","-","-","-","-","-"
"Mozambique","25 to 74 years","-","-","-","-","-","-","-","-"
"Mozambique","75 years and older","-","-","-","-","-","-","-","-"
"Myanmar","Overview","29.379%","36.5405%","45.4477%","56.5261%","58.0112%","58.5357%","-","-"
"Myanmar","14 years and younger","-","-","-","-","-","-","-","-"
"Myanmar","15 to 24 years","-","-","-","-","-","-","-","-"
"Myanmar","25 to 74 years","-","-","-","-","-","-","-","-"
"Myanmar","75 years and older","-","-","-","-","-","-","-","-"
"Namibia","Overview","42.8%","49.8%","57.8608%","60.26%","61.1485%","64.4061%","-","-"
"Namibia","14 years and younger","-","-","-","-","-","-","-","-"
"Namibia","15 to 24 years","-","-","-","-","-","-","-","-"
"Namibia","25 to 74 years","-","-","-","-","-","-","-","-"
"Namibia","75 years and older","-","-","-","-","-","-","-","-"
"Nauru","Overview","-","74.7379%","81.6554%","-","-","-","-","-"
"Nauru","14 years and younger","-","-","-","-","-","-","-","-"
"Nauru","15 to 24 years","-","-","-","-","-","-","-","-"
"Nauru","25 to 74 years","-","-","-","-","-","-","-","-"
"Nauru","75 years and older","-","-","-","-","-","-","-","-"
"Nepal (Republic of)","Overview","28.6%","33.3366%","38.8576%","45.293%","53.8878%","55.7716%","-","-"
"Nepal (Republic of)","14 years and younger","-","-","-","-","-","-","-","-"
"Nepal (Republic of)","15 to 24 years","-","-","-","-","-","-","-","-"
"Nepal (Republic of)","25 to 74 years","-","-","-","-","-","-","-","-"
"Nepal (Republic of)","75 years and older","-","-","-","-","-","-","-","-"
"New Zealand","Overview","89%","89.8637%","95.2342%","96.1151%","96.1942%","96.1638%","-","-"
"New Zealand","14 years and younger","-","-","-","-","-","-","-","-"
"New Zealand","15 to 24 years","-","-","-","-","-","-","-","-"
"New Zealand","25 to 74 years","-","-","-","-","-","-","-","-"
"New Zealand","75 years and older","-","-","-","-","-","-","-","-"
"Niger","Overview","-","16.6119%","17.0375%","17.474%","23.2982%","23.1879%","-","-"
"Niger","14 years and younger","-","-","-","-","-","-","-","-"
"Niger","15 to 24 years","-","-","-","-","-","-","-","-"
"Niger","25 to 74 years","-","-","-","-","-","-","-","-"
"Niger","75 years and older","-","-","-","-","-","-","-","-"
"Nigeria","Overview","27.7%","29.7%","31.8888%","35.5098%","37.6975%","39.2136%","-","-"
"Nigeria","14 years and younger","-","-","-","-","-","-","-","-"
"Nigeria","15 to 24 years","-","-","-","-","-","-","-","-"
"Nigeria","25 to 74 years","-","-","-","-","-","-","-","-"
"Nigeria","75 years and older","-","-","-","-","-","-","-","-"
"Pakistan","Overview","15.34%","17.0709%","18.9348%","21.4107%","24.2103%","27.3759%","-","-"
"Pakistan","14 years and younger","-","-","2.25306%","-","-","-","-","-"
"Pakistan","15 to 24 years","-","-","8.76219%","-","-","-","-","-"
"Pakistan","25 to 74 years","-","-","5.58301%","-","-","-","-","-"
"Pakistan","75 years and older","-","-","1.49325%","-","-","-","-","-"
"Papua New Guinea","Overview","-","19.9783%","24.3969%","23.2437%","23.7315%","24.0667%","-","-"
"Papua New Guinea","14 years and younger","-","-","-","-","-","-","-","-"
"Papua New Guinea","15 to 24 years","-","-","-","-","-","-","-","-"
"Papua New Guinea","25 to 74 years","-","-","-","-","-","-","-","-"
"Papua New Guinea","75 years and older","-","-","-","-","-","-","-","-"
"Philippines","Overview","44.1%","43.0266%","53.7649%","66.9078%","75.2111%","83.7661%","-","-"
"Philippines","14 years and younger","-","-","-","-","-","-","-","-"
"Philippines","15 to 24 years","-","-","-","-","-","-","-","-"
"Philippines","25 to 74 years","-","-","-","-","-","-","-","-"
"Philippines","75 years and older","-","-","-","-","-","-","-","-"
"Rwanda","Overview","19.2%","21.358%","23.8%","24.4416%","31.2252%","34.2005%","-","-"
"Rwanda","14 years and younger","-","-","-","-","-","-","-","-"
"Rwanda","15 to 24 years","-","-","-","-","-","-","-","-"
"Rwanda","25 to 74 years","-","-","-","-","-","-","-","-"
"Rwanda","75 years and older","-","-","-","-","-","-","-","-"
"Samoa","Overview","43.1336%","47.2211%","51.6959%","56.5947%","57.3288%","58.1386%","-","-"
"Samoa","14 years and younger","-","-","-","-","-","-","-","-"
"Samoa","15 to 24 years","-","-","-","-","-","-","-","-"
"Samoa","25 to 74 years","-","-","-","-","-","-","-","-"
"Samoa","75 years and older","-","-","-","-","-","-","-","-"
"Sao Tome and Principe","Overview","38%","44.3%","51.5547%","61.5241%","61.5535%","61.4607%","-","-"
"Sao Tome and Principe","14 years and younger","-","-","-","-","-","-","-","-"
"Sao Tome and Principe","15 to 24 years","-","-","-","-","-","-","-","-"
"Sao Tome and Principe","25 to 74 years","-","-","-","-","-","-","-","-"
"Sao Tome and Principe","75 years and older","-","-","-","-","-","-","-","-"
"Senegal","Overview","35.3%","43.4%","53.3088%","57.2554%","59.2246%","60.6122%","-","-"
"Senegal","14 years and younger","-","-","-","-","-","-","-","-"
"Senegal","15 to 24 years","-","-","-","-","-","-","-","-"
"Senegal","25 to 74 years","-","-","-","-","-","-","-","-"
"Senegal","75 years and older","-","-","-","-","-","-","-","-"
"Seychelles","Overview","69.2%","76.6%","84.8223%","87.3383%","87.0353%","87.4009%","-","-"
"Seychelles","14 years and younger","-","-","-","-","-","-","-","-"
"Seychelles","15 to 24 years","-","-","-","-","-","-","-","-"
"Seychelles","25 to 74 years","-","-","-","-","-","-","-","-"
"Seychelles","75 years and older","-","-","-","-","-","-","-","-"
"Sierra Leone","Overview","14.4223%","15.7137%","17.1208%","18.6539%","19.2287%","20.635%","-","-"
"Sierra Leone","14 years and younger","-","-","-","-","-","-","-","-"
"Sierra Leone","15 to 24 years","-","-","-","-","-","-","-","-"
"Sierra Leone","25 to 74 years","-","-","-","-","-","-","-","-"
"Sierra Leone","75 years and older","-","-","-","-","-","-","-","-"
"Singapore","Overview","88.1656%","88.9493%","92.0043%","96.9247%","95.9539%","94.2852%","94.3776%","-"
"Singapore","14 years and younger","-","-","-","-","-","-","-","-"
"Singapore","15 to 24 years","-","-","-","99.2672%","98.8327%","96.818%","97.9291%","-"
"Singapore","25 to 74 years","-","-","-","96.5665%","95.5291%","93.9217%","93.867%","-"
"Singapore","75 years and older","-","-","-","-","-","-","-","-"
"Solomon Islands","Overview","20.9%","26.3406%","33.1974%","41.8392%","42.094%","42.4597%","-","-"
"Solomon Islands","14 years and younger","-","-","-","-","-","-","-","-"
"Solomon Islands","15 to 24 years","-","-","-","-","-","-","-","-"
"Solomon Islands","25 to 74 years","-","-","-","-","-","-","-","-"
"Solomon Islands","75 years and older","-","-","-","-","-","-","-","-"
"South Africa","Overview","62.4%","69.6969%","72.1128%","74.9686%","75.4556%","75.6592%","-","-"
"South Africa","14 years and younger","-","-","-","-","-","-","-","-"
"South Africa","15 to 24 years","-","-","-","-","-","-","-","-"
"South Africa","25 to 74 years","-","-","-","-","-","-","-","-"
"South Africa","75 years and older","-","-","-","-","-","-","-","-"
"South Sudan","Overview","4.8%","6.7%","9.27123%","-","-","-","-","-"
"South Sudan","14 years and younger","-","-","-","-","-","-","-","-"
"South Sudan","15 to 24 years","-","-","-","-","-","-","-","-"
"South Sudan","25 to 74 years","-","-","-","-","-","-","-","-"
"South Sudan","75 years and older","-","-","-","-","-","-","-","-"
"Sri Lanka","Overview","28.3%","32%","36.1847%","44.4531%","48.3%","51.2%","-","-"
"Sri Lanka","14 years and younger","-","-","-","-","-","-","-","-"
"Sri Lanka","15 to 24 years","-","-","-","-","-","-","-","-"
"Sri Lanka","25 to 74 years","-","-","-","-","-","-","-","-"
"Sri Lanka","75 years and older","-","-","-","-","-","-","-","-"
"Tanzania","Overview","15.4907%","16.5909%","17.7693%","19.0314%","22.101%","29.0638%","-","-"
"Tanzania","14 years and younger","-","-","-","-","-","-","-","-"
"Tanzania","15 to 24 years","-","-","-","-","-","-","-","-"
"Tanzania","25 to 74 years","-","-","-","-","-","-","-","-"
"Tanzania","75 years and older","-","-","-","-","-","-","-","-"
"Thailand","Overview","56.8175%","66.6524%","77.8437%","85.2696%","87.9772%","89.5353%","90.8672%","-"
"Thailand","14 years and younger","69.5649%","73.8542%","90.1576%","96.354%","96.8068%","97.3398%","97.1449%","-"
"Thailand","15 to 24 years","91.3633%","95.475%","98.3633%","99.0403%","98.9315%","99.1324%","99.1574%","-"
"Thailand","25 to 74 years","50.9171%","63.7497%","76.4232%","85.2467%","88.2405%","90.5614%","92.0098%","-"
"Thailand","75 years and older","2.64389%","5.18378%","12.5047%","23.9349%","27.7225%","32.1108%","36.2237%","-"
"Timor-Leste","Overview","27.6%","28.0046%","32.0127%","35.042%","34.5102%","34.0207%","-","-"
"Timor-Leste","14 years and younger","-","-","-","-","-","-","-","-"
"Timor-Leste","15 to 24 years","-","-","-","-","-","-","-","-"
"Timor-Leste","25 to 74 years","-","-","-","-","-","-","-","-"
"Timor-Leste","75 years and older","-","-","-","-","-","-","-","-"
"Togo","Overview","15.5%","20.7273%","29.0237%","30.3384%","35.5105%","37.0223%","-","-"
"Togo","14 years and younger","-","-","-","-","-","-","-","-"
"Togo","15 to 24 years","-","-","-","-","-","-","-","-"
"Togo","25 to 74 years","-","-","-","-","-","-","-","-"
"Togo","75 years and older","-","-","-","-","-","-","-","-"
"Tonga","Overview","-","-","-","57.5486%","57.7181%","58.5334%","-","-"
"Tonga","14 years and younger","-","-","-","10.873%","-","-","-","-"
"Tonga","15 to 24 years","-","-","-","66.8901%","-","-","-","-"
"Tonga","25 to 74 years","-","-","-","69.305%","-","-","-","-"
"Tonga","75 years and older","-","-","-","9.06921%","-","-","-","-"
"Tuvalu","Overview","42.2865%","50.7996%","61.0265%","73.3124%","73.5846%","74.3146%","-","-"
"Tuvalu","14 years and younger","-","-","-","-","-","-","-","-"
"Tuvalu","15 to 24 years","-","-","-","-","-","-","-","-"
"Tuvalu","25 to 74 years","-","-","-","-","-","-","-","-"
"Tuvalu","75 years and older","-","-","-","-","-","-","-","-"
"Uganda","Overview","-","-","7.4%","10%","11.1246%","15.2524%","8.94983%","-"
"Uganda","14 years and younger","-","-","-","-","-","-","2.1%","-"
"Uganda","15 to 24 years","-","-","-","-","-","-","13.8%","-"
"Uganda","25 to 74 years","-","-","-","-","-","-","-","-"
"Uganda","75 years and older","-","-","-","-","-","-","-","-"
"Vanuatu","Overview","33.989%","37.5081%","41.3916%","45.6772%","45.6747%","45.7313%","-","-"
"Vanuatu","14 years and younger","-","-","-","-","-","-","-","-"
"Vanuatu","15 to 24 years","-","-","-","-","-","-","-","-"
"Vanuatu","25 to 74 years","-","-","-","-","-","-","-","-"
"Vanuatu","75 years and older","-","-","-","-","-","-","-","-"
"Viet Nam","Overview","69.8479%","68.6616%","70.3%","74.21%","78.59%","78.08%","84.15%","-"
"Viet Nam","14 years and younger","-","-","-","-","-","-","-","-"
"Viet Nam","15 to 24 years","-","-","-","-","-","-","-","-"
"Viet Nam","25 to 74 years","-","-","-","-","-","-","-","-"
"Viet Nam","75 years and older","-","-","-","-","-","-","-","-"
"Zambia","Overview","14.3%","-","-","-","15%","-","-","-"
"Zambia","14 years and younger","-","-","-","-","-","-","-","-"
"Zambia","15 to 24 years","-","-","-","-","-","-","-","-"
"Zambia","25 to 74 years","-","-","-","-","-","-","-","-"
"Zambia","75 years and older","-","-","-","-","-","-","-","-"
"Zimbabwe","Overview","25%","26.5883%","29.2986%","37.0967%","37.8861%","38.4266%","-","-"
"Zimbabwe","14 years and younger","-","-","9.69037%","-","-","-","-","-"
"Zimbabwe","15 to 24 years","-","-","41.3855%","-","-","-","-","-"
"Zimbabwe","25 to 74 years","-","-","41.9531%","-","-","-","-","-"
"Zimbabwe","75 years and older","-","-","5.82076%","-","-","-","-","-"